Invoice_Date,Link_ID,SLA_Date,Invoice_Period,Invoice_Description,Invoice_Reference,Total_QRC,Invoice_Quarter,Invoice_Fyr,modified_Link_ID,Unique_Link_Identifier_Invoice,Service_Provider
2023-10-13,26046,2020-10-01,01-Oct-2023 to 31-Dec-2023,26046 National MPLS KRA MBITA TO VRF (INS-57),CRN-15473,-55986.24,Q2,Fyr 2023/24,2020-10-LTK00_26046,CRN-15473_26046_2020,LTK
2023-10-06,C-00159-0087,,01-Oct-2023 to 31-Dec-2023,C-00159-0087 EPL Connection charge 80MBPS->SAMEER BUSINESS PARK,116426,417600.0,Q2,Fyr 2023/24,0000-00-LTK01_C-00159-0087,116426_C-00159-0087_0000,LTK
2023-10-06,1750,2020-10-01,01-Oct-2023 to 31-Dec-2023,01750 National MPLS KRA - TIMES TOWERS TO VRF,116426,939600.0,Q2,Fyr 2023/24,2020-10-LTK00_1750,116426_1750_2020,LTK
2023-10-06,5611,2020-10-01,01-Oct-2023 to 31-Dec-2023,05611 National MPLS Msa link vlan 460 customs,116426,71835.9,Q2,Fyr 2023/24,2020-10-LTK00_5611,116426_5611_2020,LTK
2023-10-06,20103,2020-10-01,01-Oct-2023 to 31-Dec-2023,20103 Leased_Circuits_Naticnal KRA WILSON AIRPORT TO VRF,116426,79866.0,Q2,Fyr 2023/24,2020-10-LTK00_20103,116426_20103_2020,LTK
2023-10-06,20954,2020-10-01,01-Oct-2023 to 31-Dec-2023,20954 National MPLS KRA EGERTON UNIVERSITY NJORO TO VRF [RT#44277],116426,174000.0,Q2,Fyr 2023/24,2020-10-LTK00_20954,116426_20954_2020,LTK
2023-10-06,21195,2020-10-01,01-Oct-2023 to 31-Dec-2023,21195 National MPLS KRA SAMEER BUSINESS PARK TO VRF [RT#44616],116426,501120.0,Q2,Fyr 2023/24,2020-10-LTK00_21195,116426_21195_2020,LTK
2023-10-06,23945,2020-10-01,01-Oct-2023 to 31-Dec-2023,23945 National MPLS KRA JKIA TERMINAL 2 TO VRF#47507),116426,69600.0,Q2,Fyr 2023/24,2020-10-LTK00_23945,116426_23945_2020,LTK
2023-10-06,24174,2020-10-01,01-Oct-2023 to 31-Dec-2023,24174 National MPLS KRA KISUMU PIER TO VRF(#48884),116426,66120.0,Q2,Fyr 2023/24,2020-10-LTK00_24174,116426_24174_2020,LTK
2023-10-06,25102,2020-10-01,01-Oct-2023 to 31-Dec-2023,25102 National MPLS KRA KITALE TO VRF (#45509),116426,187920.0,Q2,Fyr 2023/24,2020-10-LTK00_25102,116426_25102_2020,LTK
2023-10-06,25106,2020-10-01,01-Oct-2023 to 31-Dec-2023,25106 National MPLS KRA KISUMU AIRPORT TO VRF(#45511),116426,66120.0,Q2,Fyr 2023/24,2020-10-LTK00_25106,116426_25106_2020,LTK
2023-10-06,26046,2020-10-01,01-Oct-2023 to 31-Dec-2023,26046 National MPLS KRA MBITA TO VRF (INS-57),116426,55986.24,Q2,Fyr 2023/24,2020-10-LTK00_26046,116426_26046_2020,LTK
2023-10-06,SVC-000000055,,01-Oct-2023 to 31-Dec-2023,SVC-000000055 Local Access 10Mbps - JKIA Terminal 1A,116426,139200.0,Q2,Fyr 2023/24,0000-00-LTK01_SVC-000000055,116426_SVC-000000055_0000,LTK
2023-10-06,C-00159-0035,,01-Oct-2023 to 31-Dec-2023,C-00159-0035 National MPLS 10Mbps - JKIA Terminal 1E,116426,139200.0,Q2,Fyr 2023/24,0000-00-LTK01_C-00159-0035,116426_C-00159-0035_0000,LTK
2023-10-06,SVC-000313856,,01-Oct-2023 to 31-Dec-2023,SVC-000313856 Local Access 10Mbps - KRA HQ TO SUSWA INLAND CONTAINER DEPOT,116426,111972.48,Q2,Fyr 2023/24,0000-00-LTK01_SVC-000313856,116426_SVC-000313856_0000,LTK
2023-10-06,SVC-000001477,2020-10-01,01-Oct-2023 to 31-Dec-2023,SVC-000001477 Dedicated Internet Access 300Mbps - CBC CENTRE UPPER HILL,116426,1440720.0,Q2,Fyr 2023/24,2020-10-LTK00_SVC-000001477,116426_SVC-000001477_2020,LTK
2023-10-06,SVC-000001475,2020-10-01,01-Oct-2023 to 31-Dec-2023,SVC-000001475 Local Access 150Mbps - KRA TOWERS TO CBC CENTRE,116426,939600.0,Q2,Fyr 2023/24,2020-10-LTK00_SVC-000001475,116426_SVC-000001475_2020,LTK
2023-10-06,SVC-000352039,,01-Oct-2023 to 31-Dec-2023,SVC-000352039 Local Access 10MBPA KRA KITENGELA MALL TO KRA TIMES TOWERS,116426,66120.0,Q2,Fyr 2023/24,0000-00-LTK01_SVC-000352039,116426_SVC-000352039_0000,LTK
2023-10-06,SVC-000354016,,01-Oct-2023 to 31-Dec-2023,SVC-000354016 Local Access 15MBPS KRA JKIA SIGNON TO KRA HQ,116426,111972.48,Q2,Fyr 2023/24,0000-00-LTK01_SVC-000354016,116426_SVC-000354016_0000,LTK
2023-10-06,SVC-000354038,,01-Oct-2023 to 31-Dec-2023,SVC-000354038 Local Access 10MBPS KRA JKIA EXPORTS TO KRA HQ,116426,66123.306,Q2,Fyr 2023/24,0000-00-LTK01_SVC-000354038,116426_SVC-000354038_0000,LTK
2023-10-06,SVC-000355329,,01-Oct-2023 to 31-Dec-2023,SVC-000355329 Local Access 20MBPS DIA KRA WILSON AIRPORT DTD OFFICE TO KRA HQ,116426,139200.0,Q2,Fyr 2023/24,0000-00-LTK01_SVC-000355329,116426_SVC-000355329_0000,LTK
2023-10-06,SVC-000279767,,01-Oct-2023 to 31-Dec-2023,SVC-000279767 Local Access 60MBPS KRA KISUMU PIPELINE TO VRF(#45513),116426,417600.0,Q2,Fyr 2023/24,0000-00-LTK01_SVC-000279767,116426_SVC-000279767_0000,LTK
2023-10-06,SVC-000471031,,01-Oct-2023 to 31-Dec-2023,SVC-000471031 Local Access 80MBPS-KRA-ICEA Building,116426,625418.64,Q2,Fyr 2023/24,0000-00-LTK01_SVC-000471031,116426_SVC-000471031_0000,LTK
2023-10-06,SVC-000424243,,01-Oct-2023 to 31-Dec-2023,SVC-000424243 Local Access 15MBPS-JKIA ROOF TOP PARKING,116426,111972.48,Q2,Fyr 2023/24,0000-00-LTK01_SVC-000424243,116426_SVC-000424243_0000,LTK
2023-10-06,C-00159-0079,,01-Oct-2023 to 31-Dec-2023,C-00159-0079 EPL Connection charge 4MBPS-NSSF HAILESELASSIE,116426,33060.0,Q2,Fyr 2023/24,0000-00-LTK01_C-00159-0079,116426_C-00159-0079_0000,LTK
2023-10-06,C-00159-0082,,01-Oct-2023 to 31-Dec-2023,C-00159-0082 EPL Connection charge 10MBPS-POSTA GPO,116426,55680.0,Q2,Fyr 2023/24,0000-00-LTK01_C-00159-0082,116426_C-00159-0082_0000,LTK
2023-10-01,95001135,2020-12-16,01-Oct-2023 to 31-Dec-2023, CUSTOMS OFFICE MALINDI-WIMAX,B1-10096515502,240145.6128,Q2,Fyr 2023/24,2020-12-Saf00_95001135,B1-10096515502_95001135_2020,Saf
2023-10-01,95001574,2020-12-16,01-Oct-2023 to 31-Dec-2023,KRA LOITOKTOK BORDER WIMAX,B1-10096515502,240145.6128,Q2,Fyr 2023/24,2020-12-Saf00_95001574,B1-10096515502_95001574_2020,Saf
2023-10-01,95001628,2020-12-16,01-Oct-2023 to 31-Dec-2023,KRA KRATI MOMBASA WIMAX,B1-10096515502,240145.6128,Q2,Fyr 2023/24,2020-12-Saf00_95001628,B1-10096515502_95001628_2020,Saf
2023-10-01,95004139,2020-12-16,01-Oct-2023 to 31-Dec-2023,KRA -  MANDERA,B1-10096515502,180078.7944,Q2,Fyr 2023/24,2020-12-Saf00_95004139,B1-10096515502_95004139_2020,Saf
2023-10-01,95004140,2020-12-16,01-Oct-2023 to 31-Dec-2023,KRA -  Moyale,B1-10096515502,240145.6128,Q2,Fyr 2023/24,2020-12-Saf00_95004140,B1-10096515502_95004140_2020,Saf
2023-10-01,95004141,2020-12-16,01-Oct-2023 to 31-Dec-2023,KRA WIMAX-WAJIR TOWN,B1-10096515502,180078.7944,Q2,Fyr 2023/24,2020-12-Saf00_95004141,B1-10096515502_95004141_2020,Saf
2023-10-01,95006961,2023-10-01,01-Oct-2023 to 31-Dec-2023,KRA FIXED DATA ACCOUNTS,B1-10096515502,45134.6252346,Q2,Fyr 2023/24,2023-10-Saf01_95006961,B1-10096515502_95006961_2023,Saf
2023-10-01,95006963,2023-10-01,01-Oct-2023 to 31-Dec-2023,KRA FIXED DATA ACCOUNTS,B1-10096515502,45134.6252346,Q2,Fyr 2023/24,2023-10-Saf01_95006963,B1-10096515502_95006963_2023,Saf
2023-10-01,95009016,,01-Oct-2023 to 31-Dec-2023,KRA FIXED DATA ACCOUNTS,B1-10096515502,440220.0,Q2,Fyr 2023/24,0000-00-Saf02_95009016,B1-10096515502_95009016_0000,Saf
2023-10-01,95021939,2023-10-01,01-Oct-2023 to 31-Dec-2023,KENYA  SCHOOL OF REVENUE  -FIBER,B1-10096515502,61230.60000000001,Q2,Fyr 2023/24,2023-10-Saf01_95021939,B1-10096515502_95021939_2023,Saf
2023-10-01,95022778,2020-12-16,01-Oct-2023 to 31-Dec-2023,KRA-  KERICHO FIBER,B1-10096515502,240145.6128,Q2,Fyr 2023/24,2020-12-Saf00_95022778,B1-10096515502_95022778_2020,Saf
2023-10-01,95034216,2020-12-16,01-Oct-2023 to 31-Dec-2023,KRA-HQ-INTERNET,B1-10096515502,889643.9997,Q2,Fyr 2023/24,2020-12-Saf00_95034216,B1-10096515502_95034216_2020,Saf
2023-10-01,95034612,2020-12-16,01-Oct-2023 to 31-Dec-2023,KRA-KISUMU-LOOP-MICROWAVE,B1-10096515502,180078.7944,Q2,Fyr 2023/24,2020-12-Saf00_95034612,B1-10096515502_95034612_2020,Saf
2023-10-01,95035537,2020-12-16,01-Oct-2023 to 31-Dec-2023,KRA-KILIFI MICROWAVE,B1-10096515502,240145.6128,Q2,Fyr 2023/24,2020-12-Saf00_95035537,B1-10096515502_95035537_2020,Saf
2023-10-01,95035538,2020-12-16,01-Oct-2023 to 31-Dec-2023,KRA-TAVETA CERAGON,B1-10096515502,280129.995,Q2,Fyr 2023/24,2020-12-Saf00_95035538,B1-10096515502_95035538_2020,Saf
2023-10-01,95038953,2020-12-16,01-Oct-2023 to 31-Dec-2023,KRA- DR BACKHAUL FIBRE,B1-10096515502,374205.4092000001,Q2,Fyr 2023/24,2020-12-Saf00_95038953,B1-10096515502_95038953_2020,Saf
2023-10-01,95044900,2020-12-16,01-Oct-2023 to 31-Dec-2023,KRA-MARALAL,B1-10096515502,90045.0,Q2,Fyr 2023/24,2020-12-Saf00_95044900,B1-10096515502_95044900_2020,Saf
2023-10-01,95044901,2020-12-16,01-Oct-2023 to 31-Dec-2023,KRA-SIO PORT,B1-10096515502,117276.2088,Q2,Fyr 2023/24,2020-12-Saf00_95044901,B1-10096515502_95044901_2020,Saf
2023-10-01,95044902,2020-12-16,01-Oct-2023 to 31-Dec-2023,KRA-KOPANGA,B1-10096515502,117276.2088,Q2,Fyr 2023/24,2020-12-Saf00_95044902,B1-10096515502_95044902_2020,Saf
2023-10-01,95044903,2020-12-16,01-Oct-2023 to 31-Dec-2023,KRA-LWAKHAKHA,B1-10096515502,90045.0,Q2,Fyr 2023/24,2020-12-Saf00_95044903,B1-10096515502_95044903_2020,Saf
2023-10-01,95045429,2020-12-16,01-Oct-2023 to 31-Dec-2023,KRA-KITUI CERAGON,B1-10096515502,120072.8064,Q2,Fyr 2023/24,2020-12-Saf00_95045429,B1-10096515502_95045429_2020,Saf
2023-10-01,95054463,2020-12-16,01-Oct-2023 to 31-Dec-2023,KRA BUNGOMA MICROWAVE,B1-10096515502,180078.7944,Q2,Fyr 2023/24,2020-12-Saf00_95054463,B1-10096515502_95054463_2020,Saf
2023-10-01,95054464,2020-12-16,01-Oct-2023 to 31-Dec-2023,KRA ELDORET KIPTAGICH MPLS FIBER,B1-10096515502,280129.995,Q2,Fyr 2023/24,2020-12-Saf00_95054464,B1-10096515502_95054464_2020,Saf
2023-10-01,95054465,2020-12-16,01-Oct-2023 to 31-Dec-2023,KRA ELDORET KPC LOOP MICROWAVE,B1-10096515502,81470.31480000001,Q2,Fyr 2023/24,2020-12-Saf00_95054465,B1-10096515502_95054465_2020,Saf
2023-10-01,95054466,2020-12-16,01-Oct-2023 to 31-Dec-2023,KRA MOI AIRPORT MSA LOOP MICROWAVE,B1-10096515502,101780.4648,Q2,Fyr 2023/24,2020-12-Saf00_95054466,B1-10096515502_95054466_2020,Saf
2023-10-01,95054467,2020-12-16,01-Oct-2023 to 31-Dec-2023,KRA FORODHA JKIA LOOP FIBER,B1-10096515502,101808.4788,Q2,Fyr 2023/24,2020-12-Saf00_95054467,B1-10096515502_95054467_2020,Saf
2023-10-01,95054468,2020-12-16,01-Oct-2023 to 31-Dec-2023,KRA FORTIS-WESTLANDS LOOP FIBER,B1-10096515502,240145.6128,Q2,Fyr 2023/24,2020-12-Saf00_95054468,B1-10096515502_95054468_2020,Saf
2023-10-01,95054469,2020-12-16,01-Oct-2023 to 31-Dec-2023,KRA GARISSA LOOP MICROWAVE,B1-10096515502,280129.995,Q2,Fyr 2023/24,2020-12-Saf00_95054469,B1-10096515502_95054469_2020,Saf
2023-10-01,95054470,2020-12-16,01-Oct-2023 to 31-Dec-2023,KRA ISIOLO LOOP  MICROWAVE,B1-10096515502,81451.9056,Q2,Fyr 2023/24,2020-12-Saf00_95054470,B1-10096515502_95054470_2020,Saf
2023-10-01,95054471,2020-12-16,01-Oct-2023 to 31-Dec-2023,KRA JKIA ACHIL SHED LOOP FIBER,B1-10096515502,81451.9056,Q2,Fyr 2023/24,2020-12-Saf00_95054471,B1-10096515502_95054471_2020,Saf
2023-10-01,95054472,2020-12-16,01-Oct-2023 to 31-Dec-2023,KRA JKIA SWISSPORT,B1-10096515502,81451.9056,Q2,Fyr 2023/24,2020-12-Saf00_95054472,B1-10096515502_95054472_2020,Saf
2023-10-01,95054473,2020-12-16,01-Oct-2023 to 31-Dec-2023,KRA KAKAMEGA LOOP CERAGON,B1-10096515502,101780.4648,Q2,Fyr 2023/24,2020-12-Saf00_95054473,B1-10096515502_95054473_2020,Saf
2023-10-01,95054474,2020-12-16,01-Oct-2023 to 31-Dec-2023,KRA-KIAMBU,B1-10096515502,1392696.0,Q2,Fyr 2023/24,2020-12-Saf00_95054474,B1-10096515502_95054474_2020,Saf
2023-10-01,95054475,2020-12-16,01-Oct-2023 to 31-Dec-2023,KRA KISII LOOP CERAGON,B1-10096515502,81451.9056,Q2,Fyr 2023/24,2020-12-Saf00_95054475,B1-10096515502_95054475_2020,Saf
2023-10-01,95054476,2020-12-16,01-Oct-2023 to 31-Dec-2023,KRA MACHAKOS LOOP FIBER,B1-10096515502,85506.732,Q2,Fyr 2023/24,2020-12-Saf00_95054476,B1-10096515502_95054476_2020,Saf
2023-10-01,95054477,2020-12-16,01-Oct-2023 to 31-Dec-2023,KRA MERU LOOP CERAGON,B1-10096515502,85506.732,Q2,Fyr 2023/24,2020-12-Saf00_95054477,B1-10096515502_95054477_2020,Saf
2023-10-01,95054478,2020-12-16,01-Oct-2023 to 31-Dec-2023,KRA NAIVASHA LOOP FIBER,B1-10096515502,81451.9056,Q2,Fyr 2023/24,2020-12-Saf00_95054478,B1-10096515502_95054478_2020,Saf
2023-10-01,95054479,2020-12-16,01-Oct-2023 to 31-Dec-2023,KRA NAKURU GENERATION LOOP FIBER,B1-10096515502,81451.9056,Q2,Fyr 2023/24,2020-12-Saf00_95054479,B1-10096515502_95054479_2020,Saf
2023-10-01,95054480,2020-12-16,01-Oct-2023 to 31-Dec-2023,KRA NAKURU KPC MICROWAVE,B1-10096515502,81470.31480000001,Q2,Fyr 2023/24,2020-12-Saf00_95054480,B1-10096515502_95054480_2020,Saf
2023-10-01,95054481,2020-12-16,01-Oct-2023 to 31-Dec-2023,KRA NANYUKI LOOP FIBER,B1-10096515502,81451.9056,Q2,Fyr 2023/24,2020-12-Saf00_95054481,B1-10096515502_95054481_2020,Saf
2023-10-01,95054482,2020-12-16,01-Oct-2023 to 31-Dec-2023,KRA NYERI CERAGON,B1-10096515502,85506.732,Q2,Fyr 2023/24,2020-12-Saf00_95054482,B1-10096515502_95054482_2020,Saf
2023-10-01,95054484,2020-12-16,01-Oct-2023 to 31-Dec-2023,KRA PODO PARK-KESRA LOOP FIBER,B1-10096515502,120222.8814,Q2,Fyr 2023/24,2020-12-Saf00_95054484,B1-10096515502_95054484_2020,Saf
2023-10-01,95054485,2020-12-16,01-Oct-2023 to 31-Dec-2023,KRA-CITY SQUARE PPO,B1-10096515502,101808.4788,Q2,Fyr 2023/24,2020-12-Saf00_95054485,B1-10096515502_95054485_2020,Saf
2023-10-01,95054486,2020-12-16,01-Oct-2023 to 31-Dec-2023,KRA VOI CERAGON,B1-10096515502,81451.9056,Q2,Fyr 2023/24,2020-12-Saf00_95054486,B1-10096515502_95054486_2020,Saf
2023-10-01,95059101,2020-12-16,01-Oct-2023 to 31-Dec-2023,KRA -KAJIADO-LOOP-FIBER,B1-10096515502,68027.59680000001,Q2,Fyr 2023/24,2020-12-Saf00_95059101,B1-10096515502_95059101_2020,Saf
2023-10-01,95059102,2020-12-16,01-Oct-2023 to 31-Dec-2023,KRA-NAROK-LOOP-CERAGON,B1-10096515502,81470.31480000001,Q2,Fyr 2023/24,2020-12-Saf00_95059102,B1-10096515502_95059102_2020,Saf
2023-10-01,95060864,2020-12-16,01-Oct-2023 to 31-Dec-2023,KRA MBITA CERAGON,B1-10096515502,80029.79490000001,Q2,Fyr 2023/24,2020-12-Saf00_95060864,B1-10096515502_95060864_2020,Saf
2023-10-01,95061438,2020-12-16,01-Oct-2023 to 31-Dec-2023,KRA MURANGA - 15 MBPS MPLS,B1-10096515502,74053.008,Q2,Fyr 2023/24,2020-12-Saf00_95061438,B1-10096515502_95061438_2020,Saf
2023-10-01,95062310,2020-12-16,01-Oct-2023 to 31-Dec-2023,KRA-NAIVASHA ICD-MICROWAVE MPLS,B1-10096515502,200101.8009,Q2,Fyr 2023/24,2020-12-Saf00_95062310,B1-10096515502_95062310_2020,Saf
2023-10-01,95065396,2020-12-16,01-Oct-2023 to 31-Dec-2023, KRA  - KILINDINI 20 MBPS MPLS,B1-10096515502,289800.828,Q2,Fyr 2023/24,2020-12-Saf00_95065396,B1-10096515502_95065396_2020,Saf
2023-10-01,95065397,2020-12-16,01-Oct-2023 to 31-Dec-2023,KRA -USENGE 10 MBPS MPLS,B1-10096515502,174087.0,Q2,Fyr 2023/24,2020-12-Saf00_95065397,B1-10096515502_95065397_2020,Saf
2023-10-01,95096132,2020-12-16,01-Oct-2023 to 31-Dec-2023,KRA SHIMONI- WIMAX,B1-10096515502,180078.7944,Q2,Fyr 2023/24,2020-12-Saf00_95096132,B1-10096515502_95096132_2020,Saf
2023-10-01,95096536,2020-12-16,01-Oct-2023 to 31-Dec-2023,KRA MALABA-WIMAX,B1-10096515502,280129.995,Q2,Fyr 2023/24,2020-12-Saf00_95096536,B1-10096515502_95096536_2020,Saf
2023-10-01,95096537,2020-12-16,01-Oct-2023 to 31-Dec-2023,KRA THIKA-WIMAX,B1-10096515502,80029.79490000001,Q2,Fyr 2023/24,2020-12-Saf00_95096537,B1-10096515502_95096537_2020,Saf
2023-10-01,95096538,2020-12-16,01-Oct-2023 to 31-Dec-2023,KRA BUSIA-WIMAX,B1-10096515502,280173.2166,Q2,Fyr 2023/24,2020-12-Saf00_95096538,B1-10096515502_95096538_2020,Saf
2023-10-01,95096538,2023-10-01,01-Oct-2023 to 31-Dec-2023,KRA BUSIA-WIMAX,B1-10096515502,280173.2166,Q2,Fyr 2023/24,2023-10-Saf01_95096538,B1-10096515502_95096538_2023,Saf
2023-10-01,95096687,2020-12-16,01-Oct-2023 to 31-Dec-2023,KRA CUSTOMS OFFICE-  NAIROBI-NAMANGA WIMAX,B1-10096515502,280129.995,Q2,Fyr 2023/24,2020-12-Saf00_95096687,B1-10096515502_95096687_2020,Saf
2023-10-01,95096716,2020-12-16,01-Oct-2023 to 31-Dec-2023,KRA ISEBANIA-WIMAX,B1-10096515502,294887.7702,Q2,Fyr 2023/24,2020-12-Saf00_95096716,B1-10096515502_95096716_2020,Saf
2023-10-01,95096873,2020-12-16,01-Oct-2023 to 31-Dec-2023,KRA LUNGA LUNGA WIMAX,B1-10096515502,280129.995,Q2,Fyr 2023/24,2020-12-Saf00_95096873,B1-10096515502_95096873_2020,Saf
